"","year","period","predicted_abundance","arma","aicc","Lo 50","Hi 50","Lo 95","Hi 95","model"
"1",1993,1,32835.7989531653,"0000200",-22.2803883550577,28588.7028988715,37713.8374100649,21955.9270685347,49106.9991955776,"1"
"2",1993,1,7497.14931037011,"0000200",-22.9002698799171,6616.79085487587,8494.63871758379,5215.03932674614,10777.91446245,"6"
"3",1993,1,353892.714980899,"0000200",-22.8833533431208,312226.459234871,401119.283815534,245916.672250595,509278.417645995,"7"
"4",1993,1,8353.04467912954,"0000200",-31.8674814811554,8122.20492090606,8590.44509354129,7699.77690898987,9061.73727320209,"8"
"5",1993,1,9783.71524832655,"0000200",-23.0865652257291,8667.89321782553,11043.1775813166,6881.52325009131,13909.8685831029,"9"
"6",1993,1,13634.1910481483,"0000200",Inf,10778.7653386579,17246.0536709814,6887.43629295358,26989.8925566237,"13"
"7",1993,1,13713.9530417863,"0000200",-17.6653684104532,10170.7676042981,18491.4762925898,5753.84002909097,32686.4332483069,"14"
"8",1994,1,5864.91641027165,"1000200",-33.498004581756,4509.0878334824,7628.42636243536,2732.07225081116,12590.166489653,"1"
"9",1994,1,5800.67016474551,"1000200",-35.5905108376746,4830.77379070294,6965.29703479916,3408.5942007073,9871.4520940001,"6"
"10",1994,1,16274.1308776254,"1000200",-32.1020222295441,11828.7570692328,22390.1238542605,6439.7269388548,41127.1065274671,"7"
"11",1994,1,7374.59796340082,"1000200",-36.4473563910785,6223.20206936175,8739.02124913214,4503.04608661874,12077.3125736832,"8"
"12",1994,1,27267.4470661373,"1000200",-39.3424709892717,24528.1289632882,30312.6940753384,20046.2650366807,37089.8852301972,"9"
"13",1994,1,13727.1874836083,"0000200",16.1531675139218,11328.0335171856,16634.4560972793,7855.16578993044,23988.7586397843,"13"
"14",1994,1,10377.4276699703,"1000200",-33.0705865697938,8015.31046518218,13435.6623506058,4899.39781974194,21980.457396525,"14"
"15",1995,1,13509.9788017694,"0000200",29.0962450312928,11144.3924770738,16377.7009468877,7722.01946466624,23636.242832515,"1"
"16",1995,1,15043.1730108407,"0000200",29.0757416358311,12414.0191335707,18229.1530083211,8608.21768099721,26288.4911395352,"2"
"17",1995,1,13312.0100870828,"0000200",28.7346294494436,11056.4169100554,16027.7614348486,7761.53162495824,22831.783869662,"6"
"18",1995,1,13607.0137894467,"0000200",28.8951897610856,11267.5257468243,16432.2521577886,7864.55924619142,23542.4285672278,"7"
"19",1995,1,11033.6640302966,"0000200",27.9638179664048,9291.2046529003,13102.9017744712,6695.83708351795,18181.7060981268,"8"
"20",1995,1,17628.4854485387,"0000200",27.903862127911,14859.8179763438,20913.0084704983,10729.926928566,28962.3127238643,"9"
"21",1995,1,13910.3940404742,"0000200",9.14745840752003,11764.3918290303,16447.8593686224,8548.32628118558,22635.9004086147,"13"
"22",1995,1,14938.9484395132,"0000200",28.3894248561893,12486.0957666019,17873.6559970476,8871.02546668937,25157.4275506754,"14"
"23",1996,1,13095.0981132279,"0000200",15.9275569249943,11067.9765074352,15493.4910170679,8032.74833862734,21347.8111557979,"1"
"24",1996,1,13052.778336905,"0000200",16.090068017675,11006.9387207475,15478.8744295658,7953.61334055715,21421.0843571687,"2"
"25",1996,1,11929.8133171761,"0000200",15.8830207482603,10089.3618039924,14105.9908988848,7331.20401996732,19412.9702836051,"3"
"26",1996,1,13295.9062006407,"0000200",15.4784610479853,11307.3390058803,15634.1931204418,8303.66327410859,21289.5340117479,"6"
"27",1996,1,14225.932086612,"0000200",15.7414985727829,12054.9094384552,16787.9439299074,8792.28137546072,23017.5918047541,"7"
"28",1996,1,12559.0825608523,"0000200",14.6601221735239,10795.3932393696,14610.9133102329,8090.72157436102,19495.2394938595,"8"
"29",1996,1,13373.6621981726,"0000200",15.8800987674107,11310.924796356,15812.5744632705,8219.46386876634,21759.915664387,"9"
"30",1996,1,13655.2437549553,"0000200",6.12785795273132,11718.4563922666,15912.1368690079,8755.21485340619,21297.6706031038,"13"
"31",1996,1,14389.4702030994,"0000200",15.6345131060959,12211.4249986099,16955.9943044695,8931.42004825492,23182.9710849108,"14"
"32",1997,1,12448.178998941,"0000200",10.6433450626823,10693.4696193324,14490.8215860578,8004.92311623137,19357.7325028235,"1"
"33",1997,1,12841.8808489701,"0000200",10.7644234330402,11017.1253118327,14968.8688356864,8226.4877461488,20046.6965767193,"2"
"34",1997,1,11278.1883273586,"0000200",10.4521047346035,9708.39450000327,13101.809155708,7296.12331062747,17433.5776044372,"3"
"35",1997,1,13163.2678703256,"0000200",10.2209520631643,11358.9371178692,15254.2107794017,8576.57506200094,20202.8921537267,"6"
"36",1997,1,13858.1859194586,"0000200",10.8886961803492,11872.7842331905,16175.5922794761,8842.34986911889,21719.2623930202,"7"
"37",1997,1,12648.7279101387,"0000200",9.07034074340413,11042.6287392547,14488.4267616444,8524.64554503774,18767.9730376417,"8"
"38",1997,1,13937.0616295664,"0000200",10.6982126476753,11965.3365097605,16233.7002981807,8946.83857782112,21710.6506590886,"9"
"39",1997,1,13413.4514372444,"0000200",4.09251886420645,11623.549280837,15478.9793644131,8846.91161399921,20337.1173251704,"13"
"40",1997,1,13276.6994038176,"0000200",10.841784556353,11380.4899306557,15488.8540065845,8484.06947517265,20776.6741626953,"14"
"41",1998,1,13905.2511415633,"0000200",9.38584596077078,11848.7035340081,16318.7481866669,8733.7190216695,22139.0233450614,"1"
"42",1998,1,13824.9739788746,"0000200",9.38218481286005,11780.7305206772,16223.9434287282,8684.22192693971,22008.8693177735,"2"
"43",1998,1,14367.9658814065,"0000200",9.22488498251462,12262.6133101608,16834.7837730646,9066.45285754049,22769.4829293209,"3"
"44",1998,1,14025.2796338242,"0000200",8.82469320852161,12017.0829594111,16369.0697211102,8951.44121015344,21975.0612430814,"6"
"45",1998,1,15348.1004878249,"0000200",8.68830947625984,13167.7568580608,17889.469795318,9833.11999598405,23956.1999325318,"7"
"46",1998,1,13421.8686078233,"0000200",8.36464227697151,11550.5517993981,15596.3593821604,8676.04856042915,20763.6639734024,"8"
"47",1998,1,14894.9555586194,"0000200",8.48339186359494,12803.9267146067,17327.473519522,9597.02436313809,23117.5510969218,"9"
"48",1998,1,13886.8528078537,"0000200",3.78774081809644,11974.1392300715,16105.0975942128,9027.86159091946,21361.058647705,"13"
"49",1998,1,13791.3498272877,"0000200",9.26502644670125,11765.8054886697,16165.6021121367,8692.53808223402,21880.988988402,"14"
"50",1999,1,14032.595257776,"0000200",7.07383696953892,12072.4686892399,16310.974560163,9062.84192760963,21727.591768832,"1"
"51",1999,1,14123.5124435026,"0000200",7.08354061975932,12149.7004565629,16417.9853202902,9119.40988594841,21873.5210102937,"2"
"52",1999,1,12104.362153649,"0010200",6.10272324076727,11070.5874458883,13234.671047299,9338.53203462091,15689.3591630366,"3"
"53",1999,1,15596.3863949079,"0000200",6.42228459987902,13489.7836314599,18031.9622037512,10230.5836461115,23776.4801103719,"6"
"54",1999,1,13418.3814642065,"0000200",6.01662726530295,11643.5517232621,15463.7489829878,8884.99872794933,20264.8268876586,"7"
"55",1999,1,13965.0745502365,"0000200",6.18548001402042,12101.7420751136,16115.308521962,9211.13280738777,21172.5649029016,"8"
"56",1999,1,15977.8238113065,"0000200",5.82314546243953,13885.5062750054,18385.4192053976,10626.4716047202,24024.0470441529,"9"
"57",1999,1,14059.0739189334,"0000200",2.28787014065027,12212.0136955239,16185.5009653716,9337.00750322767,21169.2621420414,"13"
"58",1999,1,10563.6750297289,"0010200",3.97796380836498,9808.64461688754,11376.8246778552,8515.87405742183,13103.9079936207,"14"
"59",2000,1,14728.3588535222,"0000200",8.86757741052489,12395.688794476,17500.0000495977,8923.88174706035,24308.317912167,"1"
"60",2000,1,15389.1748869387,"0000200",8.45992514790878,12996.9820030482,18221.6689724771,9419.00780771761,25143.4873540224,"2"
"61",2000,1,15983.6224647173,"0000200",7.81292948459894,13571.8174082977,18824.0218246984,9936.92399300079,25709.7857721932,"3"
"62",2000,1,20313.001596443,"0000200",6.11681451833557,17478.8510537692,23606.702327732,13126.0780467931,31434.9825123815,"6"
"63",2000,1,13552.1491272912,"0000200",8.66789096019971,11425.3213005626,16074.8867482,8252.19355293058,22255.9910635055,"7"
"64",2000,1,15691.4626077951,"0000200",8.31564426477446,13268.3835977093,18557.0455480605,9637.97556679831,25547.0660892768,"8"
"65",2000,1,13444.1149882092,"0000200",5.39150666441321,11630.4179041826,15540.647748452,8823.62869444567,20484.1153311411,"9"
"66",2000,1,1.03073158257297e-08,"0000200",4.58329862715062,8.76071380884672e-09,1.21269524207096e-08,6.42650857589903e-09,1.65316451812989e-08,"13"
"67",2000,1,14608.1161258338,"0000200",8.68897066424011,12313.3515609199,17330.5420291194,8890.54239625196,24002.7039110469,"14"
"68",2001,1,25054.8314197366,"0000210",7.66394594813082,20726.3008968981,30287.3426664076,14439.0221794271,43475.5601640284,"1"
"69",2001,1,15514.3534509406,"0000200",9.09059374519589,12988.7613361772,18531.0328499387,9257.66063991793,25999.5664523351,"2"
"70",2001,1,17184.9999326551,"0000200",8.03585892138542,14507.6087925123,20356.5058107839,10505.4278270373,28111.5845587264,"3"
"71",2001,1,22785.8034965679,"0000200",4.26978798411392,19755.2792872922,26281.2199935935,15050.6945694847,34496.2711579354,"6"
"72",2001,1,16197.7966736119,"0000200",9.76279008629097,13486.3942536694,19454.3190822326,9511.88286142465,27583.2472815352,"7"
"73",2001,1,26483.8346932056,"0000210",6.05565959933484,22231.8181960153,31549.0840143139,15926.4651573355,44039.4960920746,"8"
"74",2001,1,12108.8749481129,"0000200",8.71231531561349,10168.4167059466,14419.6345162849,7289.43671825215,20114.7027097305,"9"
"75",2001,1,11364.8863392229,"0000200",7.13607365487526,9659.59696698776,13371.2246944535,7085.89323913175,18227.855987184,"10"
"76",2001,1,8297420.28407388,"0000200",7.13607365487526,7052401.00230896,9762233.22355325,5173358.75944837,13308024.162218,"11"
"77",2001,1,20354.1686839036,"0000200",7.13607365487526,17300.0468474581,23947.4601696627,12690.6210903014,32645.5403454934,"12"
"78",2001,1,14691.1055235209,"0000200",7.13607365487526,12486.7204229693,17284.6491466413,9159.75771312517,23562.695462344,"13"
"79",2001,1,14540.3538359712,"0000200",10.1219496729177,12069.9471976013,17516.3889463625,8464.090147304,24978.6906797755,"14"
"80",2002,1,55517.3162305278,"0000210",10.0985973069338,44957.4897362914,68557.4844040364,30072.9574540579,102489.833470786,"1"
"81",2002,1,17673.6573040841,"0000200",21.5510149139267,13071.8932562583,23895.4033955764,7356.91151464462,42457.7843406744,"2"
"82",2002,1,17982.1451315164,"0000200",19.0162726238142,13708.2578689195,23588.5220881395,8172.60681428925,39566.0223082739,"3"
"83",2002,1,33566.873901771,"0000200",11.0618670662418,27624.8849997792,40786.9579745365,19056.6242537224,59125.6357125952,"6"
"84",2002,1,53100.6588787031,"0000210",13.8059469334076,41367.3336206913,68161.9946600094,25702.9485860432,109702.58777561,"7"
"85",2002,1,40297.5853367931,"0010201",7.95372955326877,35946.8687366584,45174.877285489,28913.2447208378,56164.4118346143,"8"
"86",2002,1,51490.9457394693,"0000210",14.2485076457868,39910.3072022571,66431.8989004181,24559.0245923758,107956.954201188,"9"
"87",2002,1,51582.4157583861,"0000210",9.79330813642078,41892.670770481,63513.3918782245,28178.5604074641,94424.4694191763,"10"
"88",2002,1,5688.41939854589,"0000200",7.70930746566452,4801.88812342639,6738.62331275307,3476.8074192351,9306.84715947597,"11"
"89",2002,1,4109.33652746652,"0000200",14.3856229526024,3285.43914999089,5139.84460677574,2144.79850456137,7873.30215871444,"12"
"90",2002,1,35180.1456354064,"0000210",11.5090758950063,28093.4668086759,44054.4648817137,18298.6381193436,67635.7791687286,"13"
"91",2002,1,54510.7276115476,"0000211",14.4978930632104,41297.7182801429,71951.1766868991,24331.2780321965,122123.442131087,"14"
"92",2003,1,68634.6923910843,"0000210",11.8114633160505,54899.5113179456,85806.2464770779,35871.419647698,131322.402232304,"1"
"93",2003,1,192808.367906418,"0000220",17.2855155437506,143912.533247285,258317.08952589,82414.5897264641,451073.855468084,"2"
"94",2003,1,21780.5607211209,"0000200",30.1753622347577,14515.8530211019,32681.0160337668,6698.56592419922,70820.0577100607,"3"
"95",2003,1,35722.3253401516,"0000200",17.4642244849465,27852.1552522244,45816.3655972628,17332.9756369369,73621.7804973009,"6"
"96",2003,1,94744.5935824569,"0000210",15.5284096180349,73002.2754841548,122962.44128792,44418.1167384318,202091.819109886,"7"
"97",2003,1,95280.1462428688,"0000210",11.4457252781691,76470.552076924,118716.368870076,50288.6797190755,180523.853852916,"8"
"98",2003,1,89486.8805107486,"0000210",16.0829111145208,68532.2853050993,116848.602784725,41216.9515841527,194286.609653682,"9"
"99",2003,1,86715.6640577961,"0000210",12.2954279798943,69047.3982940984,108904.992494515,44726.3352606087,168124.804976079,"10"
"100",2003,1,335675.03225292,"0000220",18.5136946995783,246376.581920992,457339.437049794,136649.107588354,824577.11774769,"11"
"101",2003,1,76950.796445967,"0000210",13.7938684522276,60379.3541659725,98070.3612263169,38032.5801531112,155693.488315288,"12"
"102",2003,1,16505.9635869433,"0000200",26.3355860031866,11630.8000950475,23424.5994864538,5968.44530218497,45647.873129332,"13"
"103",2003,1,84921.8677748626,"0000210",15.881755582618,65181.2044789109,110641.153136478,39368.2388567459,183186.340964183,"14"
"104",2004,1,99697.6804599317,"0000210",11.5187103294437,80280.7978876868,123810.771076244,53127.8482726053,187088.839700212,"1"
"105",2004,1,83893.4163061444,"0000210",15.0912866096879,65433.3559996445,107561.429365694,40747.7507033,172723.774393419,"2"
"106",2004,1,85825.8397287211,"0000210",15.7776339984142,66497.0698374488,110772.922523449,40888.8621936818,180148.685239726,"3"
"107",2004,1,32485.1529769361,"0000200",21.519113012984,24511.4952748485,43052.6637441732,14330.3211746918,73640.0218160246,"6"
"108",2004,1,87871.9522460368,"0000210",15.3348193394101,68376.35892613,112926.165019574,42391.1111146186,182148.563425294,"7"
"109",2004,1,68613.8276761526,"0000210",10.9870860550763,55493.5618107336,84836.099806125,37032.4549752462,127127.876116224,"8"
"110",2004,1,82553.7518794625,"0000210",15.8465312156733,63918.5977054513,106621.894003076,39252.6868415799,173621.795034848,"9"
"111",2004,1,87595.9380557867,"0000210",11.7207345316706,70416.9165614296,108965.980598987,46450.3982031432,165187.999687675,"10"
"112",2004,1,79710.9840577357,"0000210",15.7775708651005,61759.3742678177,102880.59189038,37975.7112838008,167313.284324524,"11"
"113",2004,1,57085.9329599815,"0000210",13.3747031214568,45237.1851708408,72038.1635065144,29036.2902765387,112232.096830379,"12"
"114",2004,1,78719.5051301593,"0000210",15.766439808295,60997.8478879344,101589.821649477,37515.259713806,165179.730467299,"13"
"115",2004,1,79527.5608034797,"0000210",15.5903032554215,61730.1909985406,102456.072548045,38090.4637043824,166042.424068035,"14"
"116",2005,1,64601.0286240298,"0000210",12.580125395034,51775.4924559258,80603.635066055,33958.1003319144,122895.358058666,"1"
"117",2005,1,83197.7016802135,"0000210",15.2048224519258,65245.6173380211,106089.233994207,41055.388866864,168598.027102271,"2"
"118",2005,1,65823.8497595216,"0000210",15.9574801411867,51279.933914681,84492.6829346718,31862.905547071,135981.923894645,"3"
"119",2005,1,77331.0925129226,"0000210",15.5268920937994,60474.6019670054,98886.1054844957,37849.8822519826,157995.151198362,"4"
"120",2005,1,46683.9323097122,"1000200",21.9208086982121,36507.2737803427,59697.4057556519,22848.5037505528,95384.3437492078,"6"
"121",2005,1,63090.604099918,"0000210",15.6280893674487,49294.328415071,80748.1195843949,30800.0668730157,129234.275435288,"7"
"122",2005,1,55797.0266955955,"0000210",10.3053354837047,45498.3462529152,68426.8428299088,30839.5572788435,100951.779557639,"8"
"123",2005,1,64710.0883052995,"0000210",15.9158124275607,50430.979472013,83032.2070346358,31357.5849198441,133536.927004533,"9"
"124",2005,1,50215.149269041,"0000210",11.9562423953752,40442.4493570453,62349.3694422541,26772.7490996023,94183.873562298,"10"
"125",2005,1,72569.9673922389,"0000210",15.6999007474691,56664.8844249092,92939.3966079559,35362.604556038,148925.686708544,"11"
"126",2005,1,82710.286618035,"0000210",12.99028278036,66073.3388144738,103536.337578554,43066.8157832931,158846.002148395,"12"
"127",2005,1,83073,"0000201",26.567057628597,56447.9785565452,122256.34124501,27028.7124519912,255325.640881262,"13"
"128",2005,1,71294.2089809663,"0000210",15.5227833474788,55755.6380687864,91163.2331774395,34898.772769349,145645.930526413,"14"
"129",2006,1,43666.3408640919,"0000210",12.0407015829145,35267.0361550995,54066.0495561193,23471.9193462819,81235.3389737213,"1"
"130",2006,1,64734.5078191982,"0000210",15.3716605079264,50987.5215811134,82187.8838712976,32350.5028486974,129536.054576739,"2"
"131",2006,1,61248.2729961696,"0000210",15.6730348829869,48125.4982750197,77949.3424374686,30394.681609533,123421.294330543,"3"
"132",2006,1,62658.0363195419,"0000210",15.5064708739213,49298.980805497,79637.1334918809,31215.1374456943,125773.257357948,"4"
"133",2006,1,60893.5626422992,"0000210",15.6125724480739,47870.0193100094,77460.2982141743,30261.3129489873,122533.545637044,"5"
"134",2006,1,45460.4819429384,"0000210",14.1523309999143,36148.5697752361,57171.153141998,23354.8754231242,88489.2503617459,"6"
"135",2006,1,60352.9266370509,"0000210",15.2722262044724,47573.9723974203,76564.4651917854,30230.1506791656,120491.485216698,"7"
"136",2006,1,47680.5811301668,"0000210",9.62358619143474,39151.2417584326,58068.0896646336,26891.3538668127,84541.5901397259,"8"
"137",2006,1,61409.9505761645,"0000210",15.6039405273554,48279.3066727902,78111.7685745966,30524.0723612015,123547.801392334,"9"
"138",2006,1,55455.1064899769,"0000210",11.6381862478489,44915.9142459426,68467.2434579795,30056.3706136653,102316.706010289,"10"
"139",2006,1,68210.5905839648,"0000210",15.5589397208746,53645.1774616303,86730.7163097951,33939.9025597094,137085.97600208,"11"
"140",2006,1,62101.2381122036,"0000210",13.3059174297378,49696.5611594351,77602.2260915819,32500.5010249446,118661.671464961,"12"
"141",2006,1,65775,"0000201",27.4253501202309,45158.4608232874,95803.7662516828,22053.2661088906,196177.319206967,"13"
"142",2006,1,58846.7388991966,"0000210",15.3596762566015,46354.494865106,74705.5639188292,29416.2893829822,117721.804881128,"14"
"143",2007,1,77430.229561443,"0000210",14.1191513079168,61848.8443800167,96936.9841916541,40305.1953944067,148751.057804567,"1"
"144",2007,1,76544.6503159296,"0000210",15.2130791965426,60665.6306654875,96579.9486087128,38949.8058395532,150426.51344973,"2"
"145",2007,1,82715.9974169312,"0000210",15.585823901512,65378.4199980348,104651.293636087,41758.2657180356,163846.273570761,"3"
"146",2007,1,76232.3827126639,"0000210",15.4765004529595,60302.1488493235,96370.9633063143,38574.8981721091,150651.756697361,"4"
"147",2007,1,79926.7983877287,"0000210",15.7213946379317,63110.7938106924,101223.462973307,40233.2522774263,158781.424292088,"5"
"148",2007,1,82554.8920248465,"0000210",15.4803449184982,65301.6121481817,104366.645371156,41770.785554993,163159.732494411,"6"
"149",2007,1,77244.1285719408,"0000210",15.4159869756025,61129.536157801,97606.7507437988,39137.1907168281,152454.871940335,"7"
"150",2007,1,50316.6669237855,"0000210",11.4895109562392,40910.1209525402,61886.0788325772,27575.9917514707,91810.550029779,"8"
"151",2007,1,77506.5363566222,"0000210",15.6659395604702,61224.7705813945,98118.1819213862,39061.3423378323,153790.495115222,"9"
"152",2007,1,70745.100123905,"0000210",12.2184528202075,57245.8810878638,87427.5859927744,38238.2117396322,130886.591287794,"10"
"153",2007,1,65290.8625399988,"0000210",15.2243619065547,51742.1742071214,82387.2749172241,33215.3930050412,128340.99932432,"11"
"154",2007,1,96880.0642993588,"0000210",13.2583855496208,77847.5870672214,120565.674701559,51310.9622928698,182918.940500014,"12"
"155",2007,1,60272,"0000201",27.9955588283789,41899.2014944336,86701.2700583951,20953.3625586869,173371.408709479,"13"
"156",2007,1,77233.9777963273,"0000210",15.6130108506467,61033.2487492308,97735.0452169525,38968.0833219619,153076.231051932,"14"
"157",2008,1,45906.9201829816,"0000210",18.4043677190098,35731.4156557488,58980.1798224464,22163.6271453736,95085.759513264,"1"
"158",2008,1,35322.6710314864,"0000210",19.1545593779129,27339.958375158,45636.1736794853,16778.8246694144,74361.0540893834,"2"
"159",2008,1,37223.4573890252,"0000210",19.7456044526572,28682.0481856313,48308.4670601279,17452.4260786508,79392.1586459278,"3"
"160",2008,1,32757.9439832539,"0000210",19.3099290409005,25325.1135666491,42372.2835905918,15507.5778609016,69197.3242781845,"4"
"161",2008,1,36152.7290124068,"0000210",19.7819929821903,27849.2381356362,46931.9774091789,16936.6666343535,77171.0185517513,"5"
"162",2008,1,36720.3216942259,"0000210",19.8144349530501,28279.4218139652,47680.6786997877,17190.1221886097,78439.3508395704,"6"
"163",2008,1,36202.4020371938,"0000210",19.4260405704247,27963.3907957046,46868.9195397553,17094.3958456296,76669.2151684135,"7"
"164",2008,1,53987.687585166,"1010210",10.8177785438471,46183.145898214,63111.1275359482,34296.1775441645,84985.2846440439,"8"
"165",2008,1,37138.1306248304,"0000210",19.6678638666719,28633.3408451252,48169.0471875825,17442.5666178176,79073.2680876258,"9"
"166",2008,1,50205.1221605596,"0000210",15.7366410766352,39822.8454228123,63294.1786151932,25607.9071461658,98428.7500251309,"10"
"167",2008,1,32176.7255592833,"0000210",16.7954641795085,25336.324129202,40863.9257390983,16066.4544487862,64441.2039394075,"11"
"168",2008,1,33956.2817274769,"0000210",19.5447730357109,26204.7651264965,44000.7404451,15991.7697676066,72101.4050046787,"12"
"169",2008,1,77573,"0000201",29.3256587384289,54046.9853775932,111339.611024721,27143.7312086154,221692.820443566,"13"
"170",2008,1,36437.5893853662,"0000210",19.5845807990937,28111.1066615319,47230.3682740962,17145.2150794848,77438.3939811413,"14"
"171",2009,1,50742.1117841575,"0000210",18.351762107528,39727.7618700252,64810.142507892,24920.1862602187,103320.331615103,"1"
"172",2009,1,54778.2221205406,"0000210",20.4043515699844,42276.4360877747,70976.9766887943,25803.1282018775,116290.303842654,"2"
"173",2009,1,56597.0266013925,"0000210",20.6993730187227,43587.1305021449,73490.1192901675,26495.2418412675,120898.063105413,"3"
"174",2009,1,53634.1744463122,"0000210",20.7670260304995,41285.0578727744,69677.1378497799,25072.397499108,114732.732226337,"4"
"175",2009,1,56980.723118523,"0000210",20.7767528559428,43857.9718235481,74029.9350862029,26631.3377804066,121916.624462574,"5"
"176",2009,1,57319.7235108934,"0000210",20.7095500774982,44140.4432306462,74434.0215660576,26827.8084542034,122468.099061237,"6"
"177",2009,1,52704.8953255193,"0000210",20.5377693298052,40637.1898177429,68356.2520866319,24757.2008929443,112201.94089331,"7"
"178",2009,1,88646.3066043819,"1010210",8.99446676234813,76260.7955810287,103043.347695588,57244.8579875677,137272.900149472,"8"
"179",2009,1,56356.378699192,"0000210",20.6377007124255,43421.2067252476,73144.9367628931,26416.8793138214,120227.72948904,"9"
"180",2009,1,56789.3359735715,"0000210",15.3725902533432,45334.9017363227,71137.8773704338,29510.4501924337,109284.292828107,"10"
"181",2009,1,67672.4298621713,"0000210",18.7878320446757,52825.3419079793,86692.4396140774,32948.1777849495,138992.747742863,"11"
"182",2009,1,55142.1061935325,"0000210",20.8016341163821,42435.1112259084,71654.1511879523,25758.4660655209,118044.757312971,"12"
"183",2009,1,37035,"0000201",30.1897608367682,25983.5168723651,52786.9738241154,13223.9321145419,103720.377049706,"13"
"184",2009,1,58275.6189988849,"0000210",20.6568169448065,44893.7171217505,75646.3930240665,27305.5275851943,124372.171865473,"14"
"185",2010,1,70629.1021484774,"0000210",18.0571293085101,55670.1716004546,89607.5928434775,35369.756840651,141037.725896004,"1"
"186",2010,1,56059.0729433853,"0000210",20.1960560905997,43581.3123329631,72109.3397844938,26971.4509584502,116516.522011108,"2"
"187",2010,1,54238.1776018125,"0000210",20.5230218689716,42074.0781020604,69919.0580582608,25930.9145225002,113446.824523415,"3"
"188",2010,1,55964.4881626799,"0000210",20.5769294819811,43397.5778183891,72170.4780026592,26728.2377321555,117180.338138895,"4"
"189",2010,1,54504.1300930258,"0000210",20.6068428305405,42256.6819637003,70301.312340363,26015.6372478015,114189.022890397,"5"
"190",2010,1,52521.6181155565,"0000210",20.5426780259723,40737.1426944776,67715.1166483333,25100.6549869933,109898.342131142,"6"
"191",2010,1,55524.9836759169,"0000210",20.3382094986492,43125.3896746394,71489.7612629309,26641.3374817039,115723.312102034,"7"
"192",2010,1,69854.0927356575,"0000210",12.0039032055851,57023.0938020379,85572.2470769806,38731.7720885362,125984.276184618,"8"
"193",2010,1,56071.9000498978,"0000210",20.455278003484,43516.2257755829,72250.2450331956,26842.8613971083,117128.272157469,"9"
"194",2010,1,72651.8602257615,"0000210",14.9103887357012,58357.9086422465,90446.9148581263,38438.2904228602,137318.614750995,"10"
"195",2010,1,43946.9204376799,"0000210",18.8604822190907,34463.4756501514,56039.9605530583,21685.0289094038,89062.9117454504,"11"
"196",2010,1,54146.2119194522,"0000210",20.6165783332425,41976.4529880924,69844.2116121127,25839.9005421705,113460.663691082,"12"
"197",2010,1,55533,"0000201",31.1576226159331,39162.9885638065,78745.6269833828,20128.2444955988,153213.26654564,"13"
"198",2010,1,52088.7053782721,"0000210",20.5017914927561,40412.403546186,67138.6255183653,24913.5319694242,108906.004628903,"14"
"199",2011,1,62653.986262352,"0000210",17.6920184134148,49697.3307017533,78988.5883030836,31957.6652568993,122835.068300727,"1"
"200",2011,1,63169.2331295564,"0000210",20.4407760041269,49287.0720189762,80961.4337130821,30713.8999352991,129920.069498897,"2"
"201",2011,1,70829.8961370345,"0000210",20.9248976766257,55097.4839272163,91054.5061079445,34137.582346943,146960.441890588,"3"
"202",2011,1,74271.0756016894,"0000210",20.7541874980364,57836.1550811763,95376.1995984965,35907.5477041558,153622.094064459,"4"
"203",2011,1,71295.2148768063,"0000210",20.9531918136835,55449.5924158878,91668.98155366,34344.1084909188,148002.317942654,"5"
"204",2011,1,72795.335481192,"0000210",21.0505478492581,56581.6394221831,93655.1312746468,35004.3855526933,151385.627376384,"6"
"205",2011,1,72783.6293030264,"0000210",20.6261600685165,56723.1705634292,93391.4067549629,35270.2332149606,150196.247987193,"7"
"206",2011,1,56697.9747047713,"0000210",11.3304474571536,46531.3545187638,69085.8963567582,31928.7842340573,100682.202994561,"8"
"207",2011,1,70004.2194087012,"0000210",20.6862239047944,54536.6301923893,89858.7007985959,33886.4470480894,144618.015812251,"9"
"208",2011,1,56818.3927758445,"0000210",14.3752683356466,45907.0506439023,70323.1793885444,30575.9358116354,105584.004935071,"10"
"209",2011,1,83493.0619424122,"0000210",20.2597229306263,65217.5523971624,106889.803991215,40728.0863401007,171161.771125391,"11"
"210",2011,1,72089.9900935125,"0000210",21.0079504774251,56048.4240492453,92722.7974709256,34692.2368059608,149802.006159193,"12"
"211",2011,1,44856.628255851,"1010201",27.624852011004,34301.8291240376,58659.1779466821,20571.6106481764,97810.382127856,"13"
"212",2011,1,73267.5529959165,"0000210",21.0404662533225,56952.2957108504,94256.6801742939,35237.9566143611,152339.546267041,"14"
"213",2012,1,101469.21602217,"0000210",17.8318655288291,80716.7019320888,127557.265766587,52188.8453241928,197283.571540929,"1"
"214",2012,1,84641.8110488561,"0000210",20.5511263535733,66308.2914862892,108044.348859624,41640.4537546976,172049.906560445,"2"
"215",2012,1,85030.7178720977,"0000210",20.7994506544558,66516.6055569382,108698.014898779,41656.1921578774,173568.984760817,"3"
"216",2012,1,73880.9812237103,"0000210",20.5445437897672,57880.4847040307,94304.6592385934,36350.5878332551,150159.865684061,"4"
"217",2012,1,82370.3137629097,"0000210",20.8175269142097,64428.6521385251,105308.249733556,40340.4783333004,168190.087716421,"5"
"218",2012,1,79999.6488736791,"0000210",20.8820178680953,62550.7419314319,102316.033707922,39136.502923865,163528.760665259,"6"
"219",2012,1,75918.9958825438,"0000210",20.4409584156715,59512.8924883249,96847.8206120534,37418.6359452966,154032.710979626,"7"
"220",2012,1,95593.7059552086,"0000210",12.0448304366175,78315.6584774802,116683.646615556,53559.8128337265,170615.917695975,"8"
"221",2012,1,80181.1631512952,"0000210",20.5755647328933,62804.9002963211,102364.925252038,39429.7053569161,163050.13862263,"9"
"222",2012,1,71618.6800866401,"0000210",15.0072214144008,57825.3732355517,88702.1570350883,38463.6299029211,133352.867378827,"10"
"223",2012,1,74870.2368336841,"0000210",19.9825882524841,58846.0733030855,95257.8829629067,37186.1897099775,150742.853926438,"11"
"224",2012,1,81386.7419844296,"0000210",20.8560696212097,63644.9630265689,104074.249647611,39832.6644096322,166290.703095381,"12"
"225",2012,1,97081.5664488084,"1010201",29.5058530736054,73558.4286108569,128127.132704454,43348.0563200124,217422.217840094,"13"
"226",2012,1,80043.8012826984,"0000210",20.8598654592899,62593.3834914726,102359.223393907,39172.8663949895,163557.34755738,"14"
"227",2013,1,48109.7348040415,"0000210",19.8202372577362,37999.1682605787,60910.4538037051,24238.356088009,95491.0710326691,"1"
"228",2013,1,58170.1422373971,"0000210",21.3271097767244,45569.233617805,74255.4829053981,28615.2681360634,118250.349143313,"2"
"229",2013,1,58835.9114537554,"0000210",21.448382191316,46059.7373675494,75155.9751409481,28886.1624568159,119838.157171942,"3"
"230",2013,1,61756.9464450167,"0000210",20.6425655551327,48561.7312001636,78537.5714570862,30714.2309798108,124174.374957317,"4"
"231",2013,1,58120.01750015,"0000210",21.4528974407442,45498.1561863031,74243.369783733,28532.6030907224,118388.652569737,"5"
"232",2013,1,59236.2252079262,"0000210",21.3931379248275,46387.3707200379,75644.0885184382,29108.6730295742,120545.872129558,"6"
"233",2013,1,59122.79988377,"0000210",20.6818423766651,46480.4275894965,75203.8147533355,29385.8277154663,118952.084655984,"7"
"234",2013,1,51695.324441534,"0000210",14.1354243503281,42015.5733768309,63605.1433868836,28301.2739432936,94427.0768330104,"8"
"235",2013,1,61341.7680383501,"0000210",21.1100585443277,48111.578889706,78210.1230703083,30280.9868923555,124263.205801284,"9"
"236",2013,1,70147.6711102684,"0000210",14.8898602303529,56808.7242131773,86618.6634244637,38005.1845744433,129474.328760485,"10"
"237",2013,1,63094.6437282856,"0000210",20.1633055361107,49742.9674415748,80030.0881099435,31617.8550279895,125907.784183183,"11"
"238",2013,1,58480.8655953051,"0000210",21.453574239149,45780.4668839362,74704.6038094508,28709.4384730879,119124.99243,"12"
"239",2013,1,80532,"0000201",33.4273755554629,57798.3927239614,112207.324777586,30716.6124342702,211136.662217488,"13"
"240",2013,1,58582.6987923005,"0000210",21.3827941569515,45878.2356732649,74805.2436504077,28792.3367358648,119196.042657923,"14"
"241",2014,1,71885.6161739173,"0000210",20.3104787069568,56841.2353811094,90911.8490837929,36333.5732760437,142224.982207047,"1"
"242",2014,1,69009.7404118633,"0000210",21.2181259818616,54312.5047693378,87684.1215837527,34408.965808942,138404.167627588,"2"
"243",2014,1,67468.6007954599,"0000210",21.3084993874568,53074.5847281795,85766.325193314,33594.530535718,135498.607085978,"3"
"244",2014,1,64197.1223199163,"0000210",20.3834394414985,50742.8928164773,81218.6748805152,32412.4134099238,127150.991875739,"4"
"245",2014,1,67308.9549994519,"0000210",21.3488296380653,52937.8552738608,85581.3934977315,33494.5468349046,135260.687223182,"5"
"246",2014,1,65352.9797297201,"0000210",21.2402569140318,51428.610363692,83047.3918962526,32574.7584659638,131114.155889009,"6"
"247",2014,1,70626.3972891055,"0000210",20.5095379250494,55788.7133647405,89410.34293849,35591.6524803957,140147.693248749,"7"
"248",2014,1,87283.7459507788,"0100210",13.692778006284,72368.6737590759,105272.791547388,50634.6162966181,150459.366820736,"8"
"249",2014,1,66836.4939994001,"0000210",20.879121575077,52694.6794854371,84773.5857538784,33496.0804456441,133362.37764836,"9"
"250",2014,1,70707.4947865262,"0000210",14.3173681038573,57536.5289083925,86893.490341531,38844.436287336,128706.973168679,"10"
"251",2014,1,64976.7619352105,"0000210",19.8548023946299,51497.3371325898,81984.4253444547,33063.2188567859,127694.148893144,"11"
"252",2014,1,68131.8940080392,"0000210",21.3344611019714,53589.1083862041,86621.2392949181,33911.4514261574,136884.585763915,"12"
"253",2014,1,65446.675910156,"1010201",30.7241848616451,49736.8681806065,86118.5584129547,29477.0504540322,145308.547555275,"13"
"254",2014,1,66352.3883120019,"0000210",21.2584494001174,52210.1312236741,84325.3853518444,33063.7976528222,133155.890951652,"14"
"255",2015,1,72936.7070855759,"1000200",25.7413390653148,57842.1412077151,91970.3719366728,37181.0936872462,143077.104865043,"1"
"256",2015,1,78957.1298855154,"0000210",21.0232796076311,62428.8829455333,99861.283201195,39900.4819766749,156244.437433176,"2"
"257",2015,1,79170.9459990466,"0000210",21.1737381460998,62551.8000730434,100205.568553816,39922.8994086265,157003.594008244,"3"
"258",2015,1,81410.3295340499,"0000210",20.361281690788,64575.9558567433,102633.273745812,41526.5754214026,159600.007647795,"4"
"259",2015,1,77971.9338711782,"0000210",21.2111133053418,61593.173235751,98706.1090088884,39297.320362364,154708.321472066,"5"
"260",2015,1,77455.2135116823,"0000210",21.1717131608377,61196.833977736,98033.0142948719,39058.850023801,153596.690544769,"6"
"261",2015,1,89904.8257616277,"0000210",20.2431394979943,71354.5461324581,113277.68353013,45935.4805777575,175961.53547466,"7"
"262",2015,1,66571.7423647139,"0100210",12.8549957161599,55405.7213013461,79988.0730253424,39047.3274455468,113498.084796051,"8"
"263",2015,1,75775.9648175971,"0000210",20.7539413877472,59992.4267789976,95712.0282063318,38439.4141094307,149377.845034037,"9"
"264",2015,1,72149.7792253883,"0000210",13.8093734949109,58947.1358003972,88309.4754577913,40103.4873610173,129803.939378409,"10"
"265",2015,1,83895.0533942032,"0000210",19.7807464140743,66732.4582259961,105471.612632342,43141.7145416487,163145.578677023,"11"
"266",2015,1,76743.4189142732,"0000210",21.1708196380409,60634.7152081233,97131.6897661062,38700.4006649894,152183.239590583,"12"
"267",2015,1,83601.0990220508,"1010201",30.6784715898753,63919.4869865928,109342.926346714,38322.3479008365,182377.754509717,"13"
"268",2015,1,79551.1881779407,"0000210",21.160220478102,62856.3935784132,100680.15646853,40122.3748849189,157727.242185278,"14"
"269",2016,1,107188.349814216,"1000200",27.9640411505097,84450.4266574172,136048.363408541,53611.6928816834,214306.650626584,"1"
"270",2016,1,122852.782442095,"0000210",22.5953266712642,96736.5969383147,156019.61027623,61344.4054553041,246033.946237548,"2"
"271",2016,1,128014.380419998,"0000210",22.6750551545769,100762.499771334,162636.711390699,63850.9578705609,256655.21929267,"3"
"272",2016,1,147807.780777219,"0000210",21.6978484749461,116882.497917259,186915.410327319,74722.7002590438,292376.212082115,"4"
"273",2016,1,127567.12103282,"0000210",22.8175458843864,100341.883689163,162179.239319579,63501.6935707244,256266.714374758,"5"
"274",2016,1,126866.918432409,"0000210",22.8565636768408,99772.4185784841,161319.28264197,63118.7585687576,254998.915655198,"6"
"275",2016,1,131473.942492691,"0000210",20.7696088618639,104415.98512965,165543.595007112,67304.4450416763,256824.011309625,"7"
"276",2016,1,84528.0051573455,"0100210",17.2327332007956,69255.8452553247,103167.9510883,47371.4263608896,150828.974442264,"8"
"277",2016,1,118682.474076541,"0000210",22.6394882199302,93433.0835223156,150755.269139381,59225.6776318566,237828.087683247,"9"
"278",2016,1,108792.648371299,"0000210",16.7064203139099,87970.5280059584,134543.245424642,58681.2395947874,201697.176497485,"10"
"279",2016,1,146767.236284367,"0000210",20.8896586226514,116497.301781734,184902.322346567,75012.5908487167,287160.080765559,"11"
"280",2016,1,124497.155090629,"0000210",22.8284521382437,97921.978548412,158284.604288273,61964.0640418161,250137.589671335,"12"
"281",2016,1,97448.9261203078,"1010201",31.6705342097482,74478.9746352788,127503.006700941,44620.9380306679,212821.460532148,"13"
"282",2016,1,122361.817631752,"0000210",22.6019804175716,96346.9372653891,155401.041684433,61093.6034674875,245073.355709229,"14"
"283",2017,1,76931.539115836,"1000200",27.7156413310909,60832.1709795227,97291.6405157341,38885.8857321234,152200.768975726,"1"
"284",2017,1,92799.4971478098,"0000210",23.0131598607837,73179.9949751282,117678.9732469,46536.9667531582,185051.739976197,"2"
"285",2017,1,88950.7887894275,"0000210",23.3334432568057,70042.1169681989,112964.0731712,44417.1184022331,178134.987385034,"3"
"286",2017,1,100175.585883991,"0000210",23.0774781269448,78973.4260973522,127069.933560061,50193.0248091037,199931.126792359,"4"
"287",2017,1,90486.4602505113,"0000210",23.4543527753198,71211.716494845,114978.263292672,45110.9639573453,181503.536399917,"5"
"288",2017,1,93737.500460744,"0000210",23.3917717557673,73791.5020495246,119074.944249418,46770.8730681103,187867.328878644,"6"
"289",2017,1,89143.2216567782,"0000210",21.5928924492209,70748.0165897995,112321.367444458,45542.4803145721,174485.752915984,"7"
"290",2017,1,71348.090448566,"0100210",16.451926749692,58693.3586156057,86731.2781331149,40456.2601810625,125828.487059207,"8"
"291",2017,1,89267.3781326468,"0000210",22.8322080999718,70452.7329784416,113106.539119147,44873.13708139,177582.075089235,"9"
"292",2017,1,66380.0774803809,"0000210",16.4816353732692,53834.4274400102,81849.3833005191,36113.5854994204,122012.661588866,"10"
"293",2017,1,73554.1386445561,"0000210",22.3604251198061,58175.5601517452,92998.0097764521,37204.7626393216,145417.170489472,"11"
"294",2017,1,94726.6320355327,"0000210",23.2628266745267,74614.3577862303,120260.162829562,47345.8543207541,189523.136619415,"12"
"295",2017,1,111715.451898154,"0110201",33.6407317088167,85823.4658304349,145418.762480028,51924.563555268,240355.264219503,"13"
"296",2017,1,95353.1406193038,"0000210",22.9938894539016,75200.3689058925,120906.606686238,47829.7932998405,190095.352680419,"14"
"297",2018,1,62242.4108501064,"1000200",27.3554991674979,49414.6705457758,78400.1525385989,31829.6532907198,121714.103293829,"1"
"298",2018,1,69375.3780414987,"0000210",23.4917937650655,54768.4124306758,87878.0827268443,34901.726855583,137899.855165217,"2"
"299",2018,1,69199.9948306697,"0000210",23.5973040939646,54604.7024537701,87696.463296708,34766.7505367547,137736.176393657,"3"
"300",2018,1,69196.2169265771,"0000210",23.805326779307,54551.8239236004,87771.8853847242,34672.6151312777,138095.047599413,"4"
"301",2018,1,67302.6153342786,"0000210",23.8039445587108,53059.2990618698,85369.4283739423,33724.3718684215,134313.607040827,"5"
"302",2018,1,68093.8828779156,"0000210",23.8614821547477,53669.503337189,86395.0026937987,34095.7400666802,135992.850611931,"6"
"303",2018,1,62515.1571103498,"0000210",21.8588414354883,49701.3779338313,78632.5255153837,32100.6531323437,121746.584171335,"7"
"304",2018,1,99264.5944837354,"1010210",17.7286701494737,81952.4980768802,120233.793346688,56876.7020820782,173242.45881558,"8"
"305",2018,1,69114.8165346433,"0000210",23.1204071211359,54651.1931072012,87406.2869084551,34934.7429825358,136736.596774317,"9"
"306",2018,1,68029.6508219985,"0000210",15.9081631407632,55395.6057966989,83545.1354742442,37448.1247647043,123585.184039043,"10"
"307",2018,1,63404.4757706095,"0000210",22.0436135328229,50368.797979114,79813.8472435416,32483.0132700799,123760.918185775,"11"
"308",2018,1,69111.6677761315,"0000210",23.8047206871233,54485.313811349,87664.4051154105,34630.5180911718,137925.242995888,"12"
"309",2018,1,70025.1674015666,"1010201",32.9473905441606,53692.1238825541,91326.6921670554,32365.5795567682,151504.287479753,"13"
"310",2018,1,66046.1804923031,"0000210",23.5908460455966,52117.5498894423,83697.2951889574,33184.9746898224,131447.982057967,"14"
"311",2019,1,36056.2277029208,"1000200",28.2474521480383,28582.1105285276,45484.7991322162,18357.8167910989,70817.3292586312,"1"
"312",2019,1,44068.5301353017,"0000210",25.2455482715467,34637.2910582582,56067.7607558741,21888.781688306,88722.8615982552,"2"
"313",2019,1,42594.1936513028,"0000210",25.3266715302747,33466.7966488895,54210.9049706401,21135.0300796846,85841.6253000082,"3"
"314",2019,1,42115.5701755386,"0000210",25.4810147876841,33068.7189994747,53637.4345567752,20857.1612713607,85041.3547718136,"4"
"315",2019,1,42398.7203402513,"0000210",25.277896720099,33320.2056891388,53950.7919987666,21050.8761286485,85395.5662227468,"5"
"316",2019,1,41178.0532751892,"0000210",25.4184131172528,32341.3273387447,52429.2665472318,20408.8861572261,83083.02856273,"6"
"317",2019,1,40674.8389066117,"0000210",22.8353367923665,32295.8594499387,51227.6975518592,20807.5532024248,79511.632337723,"7"
"318",2019,1,38033.5935005402,"0000210",22.0957669597863,30290.2400037377,47756.4467757875,19628.2612710525,73697.5229027388,"8"
"319",2019,1,44247.7547898878,"0000210",24.8667665555532,34834.6606210978,56204.4747684507,22081.7180344523,88664.4689915586,"9"
"320",2019,1,48255.7899828322,"0000210",17.8408952309655,39076.7046683336,59591.0347771532,26138.6000219388,89087.4516964465,"10"
"321",2019,1,46339.9877633109,"0000210",23.1249318535905,36750.0161923686,58432.4767277169,23623.3690257528,90901.2793036776,"11"
"322",2019,1,42045.9978625696,"0000210",25.4807086996433,33014.1351611624,53548.7580586062,20822.7865100555,84900.5456308879,"12"
"323",2019,1,59406.3173723553,"1010201",34.5399113507415,45382.3805111297,77763.8921536854,27164.8504446829,129914.594999575,"13"
"324",2019,1,43028.2935307841,"0000210",24.9218311056966,33866.6533242716,54668.3496135247,21458.4727203896,86279.8610272066,"14"
"325",2020,1,38632.6416477716,"1000200",27.7768326363835,30755.5517484557,48527.2061737627,19915.2524512146,74941.6059043787,"1"
"326",2020,1,33869.069478418,"0000210",25.4128494372913,26685.9251222357,42985.7260739327,16942.8738506293,67704.7989288604,"2"
"327",2020,1,35690.4817033346,"0000210",25.3978876588983,28122.7708364215,45294.6294525986,17857.2183389969,71333.0855923003,"3"
"328",2020,1,34537.9665967646,"0000210",25.518616552115,27201.1220049691,43853.7475189925,17255.6583129177,69129.2742941157,"4"
"329",2020,1,31628.8035970536,"0000210",25.333951134087,24928.8637632662,40129.4349586481,15837.0939167316,63166.9687785399,"5"
"330",2020,1,34228.1522181226,"0000210",25.3705861109368,26973.534789623,43433.9219314218,17131.1452505217,68388.0958998522,"6"
"331",2020,1,35930.780142942,"0000210",22.6968987978592,28620.7700208879,45107.8346507879,18552.8907983177,69585.9731895527,"7"
"332",2020,1,29291.060549046,"0000210",21.7731429044448,23415.8891438097,36640.3437776221,15283.2509649715,56137.678433358,"8"
"333",2020,1,35062.8951981569,"0000210",25.0601050146667,27666.5133596951,44436.6300767032,17613.8976327313,69797.534044502,"9"
"334",2020,1,41774.36771428,"0000210",18.4552454186863,33813.5567508621,51609.4124846357,22599.4482945349,77218.6017633842,"10"
"335",2020,1,36919.2298680019,"0000210",23.5028622329789,29314.6725688287,46496.4952566354,18887.7819484769,72164.6161399209,"11"
"336",2020,1,34756.1056277792,"0000210",25.4917574528637,27375.9485538838,44125.8455768822,17370.2231701985,69543.5439471985,"12"
"337",2020,1,30028.6260052217,"1010201",36.1189984876901,22860.0215358453,39445.2112981412,13592.9037945193,66337.4355761313,"13"
"338",2020,1,33558.2486590112,"0000210",25.0201146589976,26483.5907142634,42522.7857208014,16866.0378811224,66770.634632601,"14"
"339",2021,1,69087.921346687,"0000210",25.3890162655453,54599.974164941,87420.2039287937,34865.5413632106,136901.384271708,"1"
"340",2021,1,65450.970418144,"0000210",28.5135244118555,51079.0686871088,83866.6334133438,31844.503582166,134523.357150898,"2"
"341",2021,1,62297.8150035005,"0000210",27.9003783753962,48740.9946077364,79625.3294674122,30533.192500751,127108.154645634,"3"
"342",2021,1,65443.9971097683,"0000210",28.5131742689825,51073.7004894981,83857.5767303964,31841.244654892,134508.459205138,"4"
"343",2021,1,66110.4413794213,"0000210",28.2195476648551,51656.2874508663,84609.0703583577,32278.8208180624,135401.180979208,"5"
"344",2021,1,66039.3398693955,"0000210",28.4527910373284,51551.171466748,84599.3269658019,32154.1967935996,135633.753764101,"6"
"345",2021,1,55859.9868284887,"0000210",25.4900138040751,44128.4811339213,70710.2997497086,28157.5487193954,110817.108391598,"7"
"346",2021,1,63324.529490126,"0000210",26.7317143734998,49779.3649029628,80555.3876181969,31466.2678016204,127437.930053444,"8"
"347",2021,1,64259.4886342935,"0000210",27.9324017573522,50269.19531727,82143.3852974821,31482.6521682096,131160.547004694,"9"
"348",2021,1,56617.9719729336,"0000210",19.9346049111585,45669.4868578294,70191.170754929,30321.9348227109,105718.674255804,"10"
"349",2021,1,73787.7461772525,"0000210",25.9406198605224,58187.6241835982,93570.266226016,37002.8873041966,147140.720159455,"11"
"350",2021,1,65186.0141940046,"0000210",28.4013160588453,50895.8624032714,83488.44573715,31758.3105269372,133798.567241063,"12"
"351",2021,1,50113.0970589484,"1010201",39.480574267729,37692.3427789195,66626.8613646406,21902.9929367341,114656.590726822,"13"
"352",2021,1,67216.7585488173,"0000210",28.2980880420405,52503.7536329954,86052.7546543007,32788.182795308,137796.371882389,"14"
"353",2022,1,57652.0560653035,"0000210",25.3872879780592,45685.9564969389,72752.3252967158,29324.5288542992,113344.005800441,"1"
"354",2022,1,56479.9234961474,"0000210",28.4385473035881,44234.958595872,72114.4963031196,27765.2120837062,114891.31610137,"2"
"355",2022,1,54268.3574330425,"0000210",27.7166676719506,42623.2619459905,69095.0078436569,26898.2081407813,109488.877588666,"3"
"356",2022,1,56625.3216239132,"0000210",28.4411021640923,44348.387524897,72300.871079282,27835.8744571582,115190.455178499,"4"
"357",2022,1,51626.4685162482,"0000210",28.1627778344275,40477.6165633386,65846.0768629636,25459.3864894874,104687.999946884,"5"
"358",2022,1,57689.7651459404,"0000210",28.3985702890404,45189.6217642937,73647.6401584633,28372.9475630972,117298.669628615,"6"
"359",2022,1,52243.0279449423,"0000210",25.1614590906857,41434.6437208879,65870.8202546972,26638.6393138681,102457.709521039,"7"
"360",2022,1,59522.4923971711,"0000210",26.5408964619474,46962.5520098213,75441.5369171239,29893.9958068609,118516.344354279,"8"
"361",2022,1,61086.5166632937,"0000210",27.804994116728,47961.8376598635,77802.7427664138,30247.3587385234,123368.210438232,"9"
"362",2022,1,66250.8638797286,"0000210",19.4186922757896,53632.9720363704,81837.2877384807,35855.1838578237,122414.013611385,"10"
"363",2022,1,60809.775574934,"0000210",26.1847735158604,48043.3684995381,76968.5582206709,30661.2013074217,120602.86772191,"11"
"364",2022,1,57757.6821161235,"0000210",28.3175686177324,45257.2498585551,73710.8386800612,28432.6807034675,117328.009912915,"12"
"365",2022,1,58344.67732195,"1010201",39.5011046823291,44100.8890708329,77188.9511418908,25869.2727680699,131588.599429208,"13"
"366",2022,1,55638.8813626444,"0000210",28.2805442740636,43603.3668588219,70996.4698210017,27401.2378667248,112976.104741812,"14"
"367",2023,1,71722.4453796977,"0000210",25.8714471707552,56879.3660540822,90438.9329225747,36562.4516610114,140693.770180876,"1"
"368",2023,1,78651.0307978276,"0000210",28.9975822896091,61654.2941924808,100333.394884849,38764.7510543046,159577.566663463,"2"
"369",2023,1,72778.9686797214,"0000210",28.5225125130558,57154.0218149176,92675.5128315638,36058.7621477436,146892.959341793,"3"
"370",2023,1,80070.5207405167,"0000210",28.996812440316,62767.2116922418,102143.907922709,39464.711233427,162456.232195286,"4"
"371",2023,1,78274.1154339053,"0000210",29.0187122407686,61353.8985701194,99860.6003815415,38569.9688850581,158849.937504975,"5"
"372",2023,1,77512.890311107,"0000210",28.8692877525023,60791.7435904379,98833.2923112072,38257.9631906509,157045.688356194,"6"
"373",2023,1,76222.3165983476,"0000210",26.2333705082575,60368.5529794529,96239.5363293896,38708.2038091077,150093.28710447,"7"
"374",2023,1,87155.6216687082,"0000210",26.8690601263101,68867.3211224313,110300.535357761,43962.1517771549,172787.32003301,"8"
"375",2023,1,82203.7539166242,"0000210",28.0113159816445,64679.6314412661,104475.814215503,40956.5070836858,164991.051218736,"9"
"376",2023,1,77554.2167653466,"0000210",19.1731104967,62937.7889353424,95565.1070657308,42272.9662639614,142281.393279326,"10"
"377",2023,1,63790.9946181825,"0000210",26.4083150375746,50490.6310614184,80594.971954836,32335.1408439182,125847.325484663,"11"
"378",2023,1,77345.0195195972,"0000210",28.8000477008263,60676.0249870412,98593.3413694209,38204.2627404235,156585.983222158,"12"
"379",2023,1,57592.2868560436,"1010201",39.8997856080821,43637.8090437704,76009.1209433054,25716.1374281877,128980.159426009,"13"
"380",2023,1,78748.4059541993,"0000210",28.9497116710508,61741.8648848042,100439.328353582,38833.2812535346,159690.637518892,"14"
